{
  "threshold": 3,
  "total_pairs": 2000,
  "true_similar": 751,
  "true_dissimilar": 1249,
  "false_accept": 419,
  "false_reject": 0,
  "false_accept_rate": 0.3354683746997598,
  "false_reject_rate": 0.0,
  "overall_accuracy": 0.7905,
  "runtime_seconds": 2.503507137298584,
  "pairs_per_second": 798.8792882604303
}